{
	"pages": [ //pages数组中第一项表示应用启动页，参考：https://uniapp.dcloud.io/collocation/pages
		{
			"path": "pages/index/index",
			"style": {
				"navigationBarTitleText": "签到",
				"titleNView": false,
				"navigationStyle": "custom",
				"navigationBarTextStyle": "white",
				"mp-weixin": {
					"disableScroll": true
				},
				"app-plus": {
					"bounce": "none"
				},
				"mp-alipay": {
					"allowsBounceVertical": "NO"
				},
				"mp-baidu": {
					"disableScroll": true
				}
			}
		}
	],
	"easycom": {
		"autoscan": true,
		"custom": {
			"tui-(.*)": "@/components/thorui/tui-$1/tui-$1.vue"
		}
	},
	"globalStyle": {
		"navigationBarTextStyle": "black",
		"navigationBarTitleText": "ThorUI",
		"navigationBarBackgroundColor": "#F8F8F8",
		"backgroundColor": "#F8F8F8"
	}
}
